vid,title,t_end
v03265g10002cccrlsg1rni5du7ccjeg,【发刊词】梁文道：新《八分》，我继续陪你读到世界尽头,
v03265g10002cccse0rkutmajrtk15hg,【推荐语】窦文涛：我保证《八分》会给咱们“十分”的收获,
v03265g10002cccse0qh3be9vs2845i0,【推荐语】陈丹青：他满腹经纶又会说话，是媒体人兼书生的典型,
v03265g10002cccse0rkutmajrtk15ig,【推荐语】许子东：《八分》关心社会时事，讲出你预想不到的层面,
v02265g10002cccse10mjg8vbhnslur0,【推荐语】蒋方舟：作为道长的读者，听到新《八分》特别满足,
v02265g10002cccse12r686qbamp25o0,【预告】愚人节不愚人——新《八分》现场版,
v02265g10002cccse18mjg8vbhnslusg,【预告】唯有他敢给“五·四”爱国热情泼冷水,
v0d265g10002cccse19abc6lp42phqcg,【预告】“高校性骚扰”的本质是一种贪污腐败！,
v02265g10002cccse1b0h3e41t2eteo0,【番外对谈】梁文道×许子东：为什么中国人看世界杯总说是“假球”？,
v02265g10002cccse12r686qbamp25og,01.疫苗事件：你的生命取决于他人的选择,
v0d265g10002cccse1f8v1n1s3nrcre0,02.举报性骚扰，是一次社会的“集体呼救”,
v02265g10002cccse1ir686qbamp25q0,03.电影《小偷家族》：真正的艺术，让我们了解生活的灰度,
v03265g10002cccse181rni5du7ccomg,04. 瞧瞧人家这邻居！挪威送“一座山”为芬兰庆生,
v0d265g10002cccse1n8v1n1s3nrcreg,05.再谈《小偷家族》：家庭——折射社会边缘的真相,
v02265g10002cccse1qr686qbamp25qg,06.“生娃”是家事也是国事吗？,
v02265g10002cccse1j0h3e41t2eteog,07.如何看待艺术家的道德品行和艺术成就？谈去世诺奖作家奈保尔,
v03265g10002cccse1jkutmajrtk15jg,08.宗教与性侵：你生命的老师也是尚未到达彼岸的人,
v02265g10002cccse20ijgv73ie33ss0,09.“生育基金”被骂，什么才是有效提高生育的政策？,
v02265g10002cccse2cg3monqh2vqvlg,10.那些留长发唱歌的年轻人危险吗？来听道长爱的先锋音乐,
v03265g10002cccse2g1rni5du7ccong,11.教育制度的公平何在？——从两堵“无知的墙”谈起,
v02265g10002cccshocg3monqh2vr1dg,12.从语言，看英美文化的爱恨情仇,
v0d265g10002cccsho78v1n1s3nrcthg,【番外篇】梁文道：我当然喜欢哆啦A梦，谁不喜欢啊？,
v02265g10002cccshocg3monqh2vr1e0,13.宫斗剧VS新清史——乾隆真的是停滞中国的代言人吗？,
v02265g10002cccsho30h3e41t2etg8g,14.无处不广告，电视台不靠广告能生存吗？,
v02265g10002cccsho30h3e41t2etg80,15.人类文明的遗失时刻——博物馆珍藏历史更启示未来,
v02265g10002cccshoar686qbamp27bg,16.《进击的巨人》是怎样一部“神作”？,
v02265g10002cccshq2r686qbamp27e0,17. “中国游客”不代表“中国”,
v02265g10002cccshq2r686qbamp27eg,【番外对谈】李诞VS梁文道：理想太远现实太累，生命和生计哪个重要？,
v02265g10002cccshq4g3monqh2vr1ig,18. “甲壳虫”停产：这么萌的汽车是希特勒发明的！？,
v02265g10002cccshq0mjg8vbhnsm0j0,19.梁文道悼念高锟校长：没有你，我不会有今天！,
v02265g10002cccshqgmjg8vbhnsm0jg,20.历史上的民营资本，经历过怎样的巨大波折？,
v02265g10002cccsin8mjg8vbhnsm110,21.如何在家环游世界？——假期卧游指南（上）,
v02265g10002cccsinr0h3e41t2etgtg,22.把自己的房间当作旅游景点？——假期卧游指南（下）,
v0d265g10002cccsion8v1n1s3nrcub0,23.学生会如官场？——中国权力文化的独特,
v0d265g10002cccsion8v1n1s3nrcuc0,【番外对谈】贾樟柯《江湖儿女》：我们都是无辜卷入时代的炮灰,
v0d265g10002cccsjk9abc6lp42phu20,24.班克斯自毁名画是炒作？当颠覆艺术的作品成为经典,
v02265g10002cccsjlj0h3e41t2ethe0,25.从“转发锦鲤”到“虚构宗教”,
v02265g10002cccsjmquktkhvr2l7m6g,26.你见过报道未来的报纸么？——那些阴谋论横行的国度,
v0d265g10002cccsjn78v1n1s3nrcun0,27.重度书痴的最“奇”书单,
v0d265g10002cccsjnpabc6lp42phubg,28.被砍头的“北大”校长,
v02265g10002cccskjauktkhvr2l7mm0,29.万圣节：为什么人类相信有鬼？,
v0d265g10002cccskjv8v1n1s3nrcv8g,30.梁文道：摩洛哥伤心故事之旅,
v0d265g10002cccslgv8v1n1s3nrcvq0,31.非洲人莱昂与他的奇妙旅程,
v0d265g10002cccsmghabc6lp42pi0bg,32.你永远是个局外人——田野调查反思,
v03265g10002cccsndhb0aqvkobpl6k0,33.当今中美局势与100年前的一战,
v03265g10002cccsndjghao71ec1vv10,【番外对谈】陈晓卿：老男人饭局大揭秘,
v03265g10002cccsne81rni5du7ccpt0,34.你的大脑只有1GB存储量？！,
v0d265g10002cccsob78v1n1s3nrd2n0,35.酒店是民主的根基？,
v03265g10002cccsocioktor4971fjeg,36.豪华酒店和大文豪们的八卦故事,
v02265g10002cccsp8r0h3e41t2etjjg,37.公投的学问：少数服从多数就是正义吗？,
v02265g10002cccspacg3monqh2vr540,38.“基因编辑”究竟违反了什么伦理问题？,
v03265g10002cccsq681rni5du7ccq80,39.纪念贝托鲁奇：电影中随大流的不幸者,
v02265g10002cccsq6kg3monqh2vr5eg,40.夏目漱石《我是猫》：从猫的角度看世界,
v02265g10002cccsq8qr686qbamp2c70,41.《世界人权宣言》里的中国智慧和温度,
v0d265g10002cccsr4v8v1n1s3nrd4vg,42.俄国人因康德“打架”原因为何？,
v0d265g10002cccsr79abc6lp42pi3l0,43. 科技能改变教育不公？一块屏幕背后的社会条件,
v02265g10002cccss32r686qbamp2clg,44. 史上最燃学者故事：不惜一切代价救你回来“交作业”,
v03265g10002cccst0jghao71ec2004g,45. 假新闻消费爱国心：拿破仑的名言是中国创造？,
v03265g10002cccst2jkutmajrtk1820,46.暴力的肮脏秘密：家暴、虐童、战争……能休止吗？,
v03265g10002cccstujkutmajrtk189g,47. 惊天医疗骗局：医疗保健的骗局非中国独有,
v03265g10002cccstuqh3be9vs2848ag,48. 中国户籍制度的难题：现实远比理论复杂,
v03265g10002cccstvjghao71ec200eg,49. 别让资本游戏毁了有才华的人——评《地球最后的夜晚》,
v03265g10002cccstvdj6f8ur9ie3e70,【番外】高晓松：流行音乐可以有高度有力量,
v03265g10002cccsu0jghao71ec200f0,50. “狂僧”一休和世俗化的日本佛教,
v03265g10002cccsut1b0aqvkobpl8s0,51. 审美的力量让巴黎免于毁灭,
v03265g10002cccsuu9b0aqvkobpl8vg,52.为时间终结而作：这首乐曲诞生于二战战俘营,
v03265g10002cccsvr1b0aqvkobpl9a0,53.出卖国宝！？国宝级文物该不该外借？,
v03265g10002cccsvso1rni5du7ccse0,54. 《小猪佩奇》真的很社会？从孩童视角看成人世界,
v03265g10002ccct0ohb0aqvkobpl9i0,55. “三观不正”就举报，是一种美德吗？,
v03265g10002ccct0pah3be9vs28496g,56.饭局特别版：奇葩的日本人怎么过春节？ ,
v03265g10002ccct0p3ghao71ec2017g,57.道长思考的时候，用哪门语言？| 春节问答1,
v03265g10002ccct0p1b0aqvkobpl9ig,58.该不该离开舒适圈？| 春节问答2,
v02265g10002ccct0p2uktkhvr2l7qjg,59.什么工作吃喝不愁，且有很多时间看书？| 春节问答3,
v03265g10002ccct1nhb0aqvkobpl9sg,60.学术造假的中国特色：表演系需要有博士吗？,
v03265g10002ccct1p5j6f8ur9ie3fcg,61. 自己就是艺术品：回首“老佛爷”拉格斐的时尚人生,
v03265g10002ccct1pg1rni5du7ccsu0,62.《罗马》进击奥斯卡，开创电影发行新趋势,
v03265g10002ccct2m1b0aqvkobpla5g,63. 北京的公厕是怎么来的？清末京城的厕所革命,
v02265g10002ccct2mr0h3e41t2etmf0,64. 中国式父母的情感勒索：一旦陷入，很难逃出 ,
v0d265g10002ccct3j78v1n1s3nrdbd0,65. 国内影视受众的困境：从一个“资源网站”的倒下说起,
v02265g10002ccct3jar686qbamp2et0,66. 历史上的妇女节为何而生？“妇女”二字应该堂堂正正,
v02265g10002ccct3l4g3monqh2vr870,67.空难与恐飞症：安检更严格，会让你感觉更安全吗？,
v0d265g10002ccct4hhabc6lp42pib50,68. 学校午餐这件事，是一场认真严肃的教育,
v02265g10002ccct4k4g3monqh2vr8ng,69. 新西兰枪击案：丧心病狂真的不可理喻吗？,
v03265g10002ccct5g2oktor4971fmng,70.最酷理工男：《波西米亚狂想曲》皇后乐队的摇滚传说,
v03265g10002ccct5ho1rni5du7cctm0,71. 流浪大师：流浪是一种可选择的生活方式吗？,
v0d265g10002ccct6df8v1n1s3nrdeo0,72.别让课堂变得苍白！中国大学之怪象：总要正确答案,
v0d265g10002ccct6f1abc6lp42pidh0,73. 日本新年号：原生的还是外来的？,
v0d265g10002ccct7b1abc6lp42piea0,74.审美的懒惰：该为自己的“外貌”负责了！,
v03265g10002ccct7clj6f8ur9ie3g90,75. 迷信“996”？企业家的“马克思主义素养”还不够,
v03265g10002ccct892h3be9vs284ahg,76.“看见”黑洞：为什么黑洞照片对大众也有重要意义？,
v03265g10002ccct8bpb0aqvkobplan0,77. 巴黎圣母院大火：幸灾乐祸的和念念不忘的,
v03265g10002ccct98lj6f8ur9ie3h10,78. 国家为什么出钱培养大学生？东京大学入学贺词引热议,
v03265g10002ccct9a2oktor4971fni0,79. 斯里兰卡爆炸案：还在疗伤中的“上帝之泪”,
v0d265g10002cccta5habc6lp42pihag,80. 剧透的思考练习：言论自由还是道德错误？,
v0d265g10002cccta5pabc6lp42pihc0,81. 北大学子涉嫌弑母案：自媒体时代的新闻伦理,
v02265g10002cccta6gmjg8vbhnsm98g,82. 梁文道×许子东：五四青年比当代青年更优秀吗？,
v02265g10002ccctb78ijgv73ie347fg,83. 泰王加冕仪式：如何看待异国的习俗礼仪？ ,
v03265g10002ccctc35j6f8ur9ie3ib0,84. 美国名校招生舞弊案：教育能使社会更公平吗？ ,
v02265g10002ccctc530h3e41t2etpfg,85. 笑话的尺度：开玩笑的边界在哪里？ ,
v0d265g10002ccctcvpabc6lp42pill0,86.《切尔诺贝利》：从一面扭曲的镜子，能够看到多少自己？,
v02265g10002ccctd1omjg8vbhnsm9og,87. 《权力的游戏》大结局：游戏结束之前，成败已成定局 ,
v02265g10002ccctdvar686qbamp2hng,88. 从任正非访谈，看“支持国货运动”,
v02265g10002cccte04g3monqh2vrb0g,89. 聊聊民科：中国的“民科”其实可以写一部历史,
v03265g10002ccctesaoktor4971fp2g,90. 平民水果香蕉的全球史：水果曾经撼动世界,
v02265g10002ccctesj0h3e41t2etq30,【番外】可爱的MINI如何成为英国的象征？,
v03265g10002ccctfp3ghao71ec204vg,91. 利物浦夺欧冠：那些足球教会我的事情,
v0d265g10002ccctfrn8v1n1s3nrdr8g,92. 赴美留学受限：美国人怎样看待中国留学生？,
v03265g10002ccctgo81rni5du7cd100,93. 梁文道×徐英瑾：如何用哲学思维解剖热点事件,
v02265g10002ccctgp0ijgv73ie348m0,94. 国际舞台上的猫和狗：政治人物为什么养宠物？,
v0d265g10002cccthlv8v1n1s3nrdtkg,95. 病菌抗药性难题：对抗生素的无知把我们带上毁灭之道,
v0d265g10002cccthnf8v1n1s3nrdts0,96. 如果威尼斯死了！暑期来临，思考如何做一个负责任的游客？,
v02265g10002ccctik8mjg8vbhnsmbc0,97. 埋葬伟人的墓地：没有这些“神人”，我们不会有今天,
v0d265g10002ccctiln8v1n1s3nrdv30,98. 上海实施垃圾分类：你扔的不是垃圾，是生活的痕迹,
v0d265g10002ccctjhf8v1n1s3nre07g,99. 有图就有真相吗？什么让你无法知道事实的全部？,
v0d265g10002ccctjiv8v1n1s3nre0bg,100. 性侵儿童的人，为什么不怕被曝光？,
v0d265g10002ccctjjpabc6lp42pj0h0,101. 何谓高级生活方式？被排行榜统治的“品味”,
v0d265g10002ccctkfhabc6lp42pj18g,102. 梁文道×飞猪flypig：我们的“网络遗产”如何安放？,
v02265g10002cccu1komjg8vbhnsmhd0,103.《狮子王》：当我们拟人化的时候我们在做什么？,
v0d265g10002cccu1l1abc6lp42pjc20,104. 梁文道×徐皓峰：我的打架简史,
v02265g10002cccu2jauktkhvr2l86ug,105. 鲍里斯上台，英国版特朗普来了？,
v02265g10002cccu2komjg8vbhnsmhqg,106. 刘强东性侵门：被污染的媒体环境下，我们该信什么？,
v0d265g10002cccu3jn8v1n1s3nredr0,107. 换一种姿势打开舆论监督,
v02265g10002cccu3kb0h3e41t2eu2cg,108. 不能去台湾自由行，你遗憾吗？,
v03265g10002cccu4dbkutmajrtk1lbg,109. 梁文道x李冰冰：人生是和自己反省,
v0d265g10002cccu4e78v1n1s3nreeeg,110. 托妮·莫里森逝世：不只是属于黑人和女性的作家,
v03265g10002cccu4etj6f8ur9ie3tig,111. 北大提档河南考生：我们再一次讲起教育平等,
v0d265g10002cccu4g1abc6lp42pjelg,112. 姚晨×阿郎×梁文道：野蛮生长的女性更可爱,
v0d265g10002cccu5c1abc6lp42pjfsg,113. 马伯庸×梁文道：「长安十二时辰」集中了我对历史的想象,
v03265g10002cccu5dtj6f8ur9ie3tv0,114. 你的圈子就是你对世界的认知边界,
v03265g10002cccu69g1rni5du7cda20,115. 我忍不住想和你聊“信任”这件事,
v0d265g10002cccu6apabc6lp42pjgug,116. 做痛苦的哲学家还是快乐的猪？ | 问答合集,
v03265g10002cccu6cbghao71ec20en0,117. 我不要你觉得，我要我觉得，听听文道怎么说？,
v02265g10002cccu780ijgv73ie34j90,118. “花木兰”其名为何没暴露她的女儿身？,
v03265g10002cccu7a1b0aqvkobplmfg,119. 曾美慧孜×梁文道：我有一个奥斯卡梦，越说越当真,
v02265g10002cccu868ijgv73ie34jn0,120. 曹德旺的美国工厂：市场经济发展在镜头下的切片小样,
v02265g10002cccu944g3monqh2vrme0,121. 梁捷×梁文道：经济学可以给所有问题“开药方”吗？,
v0d265g10002cccua21abc6lp42pjk6g,122. 犹太民族是被发明出来的？,
v0d265g10002cccua378v1n1s3nrekfg,123. 徐冰x梁文道：艺术家的“胡作非为”都价值连城吗？,
v0d265g10002cccuepn8v1n1s3nrep50,124. 39名偷渡者之死：这个时代的偷渡，究竟为了什么？,
v0d265g10002cccufln8v1n1s3nreps0,125. 大火吞没冲绳“故宫”，百年间它经历过什么？,
v0d265g10002cccufm1abc6lp42pjq4g,126. 野餐？看展？正经休息？按照“传统”过个双十一？,
v0d265g10002cccufm78v1n1s3nrepvg,127. 柏林墙倒塌30周年：欢乐颂的天真与现实,
v02265g10002cccugliuktkhvr2l8heg,128. 被手机数据概括的我们，在意隐私吗？| 问答合集,
v02265g10002cccuhh0ijgv73ie34s60,129. 面对鼠疫，我们要信什么“妙方”？,
v02265g10002ccd9nq4g3monqh2vurbg,130. 卢浮宫大展：认识你的好奇男孩—达・芬奇,
v0d265g10002ccd9nr78v1n1s3nrjjvg,131. 我们为什么喜欢独立书店？,
v0d265g10002ccd9nr1abc6lp42porg0,132. 有种暴力，假以爱的名义,
v02265g10002ccd9o42uktkhvr2lbg3g,133. 从娱乐至死到娱乐致死 ？,
v03265g10002ccd9okbkutmajrtk460g,134. 米其林北京指南：好吃，谁说了算？,
v02265g10002ccd9okauktkhvr2lbg5g,135. 员工和公司之间有理想关系吗？,
v03265g10002ccd9pi01rni5du7cfoq0,136. 被流放40年，米兰·昆德拉重获捷克国籍：何处是家？,
v0d265g10002ccd9phn8v1n1s3nrjmp0,137. 王瑞芸×梁文道：为什么我做不叫艺术，他做就是？,
v0d265g10002ccd9qgn8v1n1s3nrjo20,138. 一个人的信仰应该来自哪里？,
v02265g10002ccd9qob0h3e41t2f1d40,139. 和方言一起消失的是什么？,
v02265g10002ccd9qp8mjg8vbhnspt60,140. 为什么圣诞让我们特别快乐？,
v0d265g10002ccd9qqpabc6lp42pp100,141. 环保为什么是“票房毒药”？,
v0d265g10002ccd9qvhabc6lp42pp1b0,142. 我们到底可以拿什么开玩笑？,
v03265g10002ccd9ra2oktor4971ihtg,143. 马家辉×梁文道：回到30岁，我会对自己说……,
v0d265g10002ccd9rd78v1n1s3nrjpcg,144. 美国、伊朗、伊拉克，到底发生了什么？,
v03265g10002ccd9rddj6f8ur9ie6nk0,145. 阿乙×梁文道：我为什么回农村收集“鬼故事”？,
v03265g10002ccd9rf01rni5du7cfpgg,146. 澳洲大火：不能因他人苦难，就为自己鼓掌,
v03265g10002ccd9rj3kutmajrtk477g,147. 俄罗斯内阁集体辞职，普京怎么办？,
v0d265g10002ccd9riv8v1n1s3nrjq20,148. “新冠肺炎”，该如何处理公众信任？,
v03265g10002ccd9rs81rni5du7cfpkg,149. 中国人到底敬畏什么？,
v03265g10002ccd9rt2oktor4971iia0,150. 治理疫情，我们可以相信“集体智慧”吗？,
v0d265g10002ccd9rt78v1n1s3nrjqhg,151. 藏书与离婚有什么关系？,
v03265g10002ccd9ru01rni5du7cfpn0,152. 封城后，我们如何面对歧视和恐惧？,
v03265g10002ccd9s3pb0aqvkobpo7d0,153. 李文亮医生去世，什么是“说真话”？,
v0d265g10002ccd9s3pabc6lp42pp3sg,154. 如何理解“岂曰无衣，与子同裳”？| 八分特别篇,
v0d265g10002ccd9s49abc6lp42pp3u0,155.《1917》错失奥斯卡最佳影片，战争的代价是什么？| 八分特别篇,
v03265g10002ccd9s43kutmajrtk47lg,156. 除了医护人员，我们还应该关心哪些人？| 八分特别篇,
v03265g10002ccd9s4ioktor4971iih0,157. 奥斯维辛之后，我们还能写诗吗？| 八分特别篇,
v03265g10002ccd9scbghao71ec22vcg,158. 为什么要有想象力，才会懂得爱？| 八分特别篇《鼠疫》1,
v03265g10002ccd9sd9b0aqvkobpo7k0,159. 面对绝望，为什么有人选择狂欢？| 八分特别篇《鼠疫》2,
v03265g10002ccd9sd81rni5du7cfpug,160. 英雄的动力，来自哪里？| 八分特别篇《鼠疫》3,
v03265g10002ccd9sdjghao71ec22vf0,161. 怎样获得内心的安宁？| 八分特别篇《鼠疫》4,
v03265g10002ccd9sdjghao71ec22ve0,162. 这一切，我们终将遗忘吗？| 八分特别篇《鼠疫》5,
v03265g10002ccd9se3kutmajrtk47tg,163. “我在生理期”，怎么就不能说？| 八分特别篇,
v03265g10002ccd9sqioktor4971iit0,164. 隔离岛是怎么建起来的？| 八分特别篇《魂断威尼斯》1,
v0d265g10002ccd9sqpabc6lp42pp4ig,165. 不伦之恋，为什么能成为文学经典？| 八分特别篇《魂断威尼斯》2,
v0d265g10002ccd9sr78v1n1s3nrjrv0,166. 什么是弱者的英雄主义？| 八分特别篇《魂断威尼斯》3,
v03265g10002ccd9sr9b0aqvkobpo7sg,167. 多读书和细读书，该怎么选？| 八分特别篇《魂断威尼斯》4,
v0d265g10002ccd9srpabc6lp42pp4o0,168. 什么是尼采笔下的“酒神精神”？| 八分特别篇《魂断威尼斯》5,
v0d265g10002ccd9srpabc6lp42pp4og,169. 文学为什么会带有挑逗意味？| 八分特别篇《魂断威尼斯》6,
v03265g10002ccd9ta3kutmajrtk48b0,170. 什么是德国人的浪漫主义？| 八分特别篇《魂断威尼斯》7,
v03265g10002ccd9ta3kutmajrtk48bg,171. 为了美，人可以付出多大代价？| 八分特别篇《魂断威尼斯》8,
v0d265g10002ccd9ta9abc6lp42pp52g,172. 那些了不起的媒体人，他们在做什么？| 八分特别篇,
v0d265g10002ccd9tapabc6lp42pp53g,173. 计算肺炎模型，美国为什么拼不过中国？| 八分特别篇,
v03265g10002ccd9tbjghao71ec22vv0,174. 邪教、异端、新兴宗教有什么区别？| 八分特别篇,
v03265g10002ccd9tbbghao71ec22vu0,175. 传染病过后，人们的财富会怎么变化？| 八分特别篇,
v03265g10002ccd9tkjghao71ec2304g,176. 如何看待外国人永居管理条例？| 八分特别篇,
v0d265g10002ccd9tkf8v1n1s3nrjsh0,177. 我们的现实，跟得上理想吗？| 八分特别篇,
v03265g10002ccd9tkrkutmajrtk48g0,178. 一个细胞怎样改变整个医疗史？| 八分特别篇《永生的海拉》1,
v0d265g10002ccd9tkn8v1n1s3nrjsi0,179. 免费医疗的代价是什么？| 八分特别篇《永生的海拉》2,
v03265g10002ccd9tl81rni5du7cfqng,180. 环境不可信，人会有怎样的世界观？| 八分特别篇《永生的海拉》3,
v03265g10002ccd9tlpb0aqvkobpo8bg,181. 重要的人和伟大的人，有什么区别？| 八分特别篇《永生的海拉》4,
v03265g10002ccd9tlpb0aqvkobpo8c0,182. 做读书节目的用意是什么？| 八分特别篇《永生的海拉》5,
v03265g10002ccd9tllj6f8ur9ie6p1g,183. 为什么美股大跌，触发熔断？| 八分特别篇完结《失明症漫记》1,
v03265g10002ccd9tpdj6f8ur9ie6p3g,184. 被隔离在精神病院，要如何生存？|《失明症漫记》2,
v03265g10002ccd9tog1rni5du7cfqs0,八分番外 | 30天《特别篇》盘点，感谢你的陪伴,
v03265g10002ccd9tq2h3be9vs2877g0,185. 什么是阴阳怪气，什么是好好说话？,
v03265g10002ccd9u8ah3be9vs2877lg,186. 一个国家该有怎样的文化自信？,
v0d265g10002ccd9u9f8v1n1s3nrjt90,187. 人为什么摆脱不了“双标”？,
v02265g10002ccd9unquktkhvr2lbhh0,188. 贾行家×梁文道：东北文艺复兴了吗？,
v03265g10002ccd9uo3ghao71ec230og,189. 如何看待他人给“我”的伤害？,
v03265g10002ccd9v62h3be9vs2877v0,190. 中国人该有怎样的品德？,
v03265g10002ccd9v79b0aqvkobpo98g,191. 什么是改变人一生的音乐？,
v0d265g10002ccd9v7pabc6lp42pp6h0,192. 疫情下，民主还是不是个好东西？,
v03265g10002ccd9vlbkutmajrtk49j0,193. 为什么情况越危急，阴谋论就越多？,
v02265g10002ccd9vnb0h3e41t2f1eb0,194. 方方日记在海外出版，有什么问题？,
v02265g10002ccda03kg3monqh2vut4g,195. 什么是讨论问题的基本态度？,
v03265g10002ccda051b0aqvkobpo9p0,196. 《One World: Together at Home》是这个时代的《Live Aid》吗？,
v03265g10002ccda062h3be9vs2878f0,197. 什么是真正的社会主义国家？,
v03265g10002ccda12hb0aqvkobpoa40,198. 反智主义是如何兴起的？,
v03265g10002ccda12tj6f8ur9ie6qi0,199. 知识是什么？,
v03265g10002ccda13qoktor4971il30,番外 | 423世界读书日直播回放,
v02265g10002ccda140ijgv73ie37svg,200. “后浪们”拥有的自由，是怎样的自由？,
v03265g10002ccda1h2h3be9vs287970,201. 德国电子音乐，为什么能做到世界先驱？,
v03265g10002ccda1hah3be9vs28798g,202. 鲍毓明案，什么是不正义的性行为？,
v03265g10002ccda1ihb0aqvkobpoal0,203. 人性中有善良天使吗？,
v03265g10002ccda1vbkutmajrtk4avg,204. 民粹主义的特点是什么？,
v02265g10002ccda20b0h3e41t2f1f00,205. 文明意味着什么？,
v03265g10002ccda2ebkutmajrtk4b5g,206. 我们要如何理解澳门？,
v03265g10002ccda2frghao71ec232og,207. 方可成×梁文道：人人都爱看直播？,
v03265g10002ccda2gah3be9vs2879q0,208. 美国怎么了？,
v03265g10002ccda2hioktor4971ilog,209. 美国枪支泛滥，为什么总是禁不掉？,
v03265g10002ccda2uhb0aqvkobpob8g,210. 艺术要追求永恒吗？,
v03265g10002ccda2vlj6f8ur9ie6rh0,211. 人能看清自己的罪吗？,
v03265g10002ccda309b0aqvkobpobag,212. 张立宪×梁文道：读书到底有什么用？,
v0d265g10002ccda3df8v1n1s3nrjv00,213. 从钟美美到缪可馨，什么是正能量？,
v03265g10002ccda3ebghao71ec2335g,214. 《隐秘的角落》：小孩的道德要如何形成？,
v0d265g10002ccda3e1abc6lp42pp7h0,215. 朝鲜战争爆发70年，战争该被怎样记忆？,
v03265g10002ccda3rqh3be9vs287a9g,216. 路内×梁文道：90年代是一个黄金时代吗？,
v03265g10002ccda3tqoktor4971im8g,217. 君子的标准是什么?,
v02265g10002ccda4b2uktkhvr2lbjf0,218. 高考是改变命运的道具吗？,
v0d265g10002ccda4cn8v1n1s3nrjvr0,219. 电影音乐能超越电影吗？,
v02265g10002ccda4roijgv73ie37ua0,220. 葛兆光×梁文道：全球化等于世界一体化吗？,
v0d265g10002ccda5chabc6lp42pp93g,221. 神童为什么总是扎堆出现？,
v02265g10002ccda5c30h3e41t2f1g3g,222. 番外 | Angelica张宇×梁文道：什么是奢侈？,
v0d265g10002ccda5ov8v1n1s3nrk0t0,223. 影视寒冬后，我们还能回到电影院吗？,
v0d265g10002ccda5p1abc6lp42pp980,224. 75年前，极右思想是怎样裹挟整个日本社会的？,
v02265g10002ccda66r0h3e41t2f1gi0,225. “新铁幕演说”之后，中美关系会走向何方？,
v0d265g10002ccda689abc6lp42pp9ng,226. 巫鸿×梁文道：中国美术史，要从哪里说起？,
v02265g10002ccda6lj0h3e41t2f1gsg,227. 如何评价高考满分作文《生活在树上》？,
v02265g10002ccda6lomjg8vbhnsq0ng,228. 身处 ▇▇▇ 时代，人为什么还会给自己划线？,
v0d265g10002ccda6nf8v1n1s3nrk1ng,229. 刘绍华×梁文道：人类学家要如何观照这个世界？,
v0d265g10002ccda74n8v1n1s3nrk220,230. 知识分子的责任是什么？,
v02265g10002ccda76r0h3e41t2f1h60,231. 与新冠病毒共存，我们准备好了吗？,
v0d265g10002ccda7j9abc6lp42ppang,232. 吃播下架：我们该如何减少食物浪费？,
v0d265g10002ccda7khabc6lp42ppau0,233. 西方民主国家有几种政治类型？,
v0d265g10002ccda82n8v1n1s3nrk300,234. 学佛的人，如何理解戒律？| 第二季完结,
v0d265g10002ccda8ipabc6lp42ppbm0,235. 番外 | 黎薇×梁文道：艺术家如何想象2020？,
v02265g10002ccda9v8ijgv73ie3810g,236. 番外 | 聂辉华×梁文道：比特币、数字货币、内循环是什么？,
v0d265g10002ccdaae1abc6lp42ppd00,237. 番外 | 新锐科技和匠人传统，矛盾吗？,
v03265g10002ccdabs3kutmajrtk4d7g,238. 番外 | 张艾嘉×梁文道：声音会给我们怎样的想象？,
v0d265g10002ccdacopabc6lp42ppeb0,239. 番外 | 姜松×梁文道：“博物馆”热了，可到底该怎么观看？,
v02265g10002ccdaem4g3monqh2vv3o0,240. 披头士成立60周年，如何和你的好伙伴相处？| 第三季首播,
v02265g10002ccdaf3omjg8vbhnsq560,241. 防弹少年团是谁，他们为什么这么火？,
v03265g10002ccdaf6bkutmajrtk4e60,242. 蛋壳暴雷，当代年轻人还剩多少租房空间？,
v03265g10002ccdafj2h3be9vs287crg,243. 风浪之下，企业长青的秘诀是什么？,
v02265g10002ccdag1omjg8vbhnsq5cg,244. 如何看待生命的成熟？,
v03265g10002ccdag2o1rni5du7cg15g,245. 为什么说小说家就像间谍？纪念伟大的约翰·勒卡雷,
v03265g10002ccdagh2h3be9vs287d6g,246. 怎样为被侵害的女性发声？从谭维维的《小娟》说起,
v03265g10002ccdaghah3be9vs287d70,247. 五条人×梁文道：我们为什么对荒诞着迷？,
v02265g10002ccdah0sg3monqh2vv49g,248. 回看2020，如何找回心灵的至高宁静？,
v03265g10002ccdah15j6f8ur9ie6vj0,249. 迎接2021，愿你勇于自由，成为想成为的人,
v03265g10002ccdahepb0aqvkobpofeg,250. 拼多多事件：我们每天工作多久由谁决定？,
v02265g10002ccdahgj0h3e41t2f1m40,251. 国会山庄暴乱，美国又怎么了？,
v0d265g10002ccdahuv8v1n1s3nrk93g,252. 什么是正常读者和当编辑的要诀？纪念沈昌文先生,
v02265g10002ccdahvgijgv73ie384bg,253. 假新闻为什么是“永远的赢家”？,
v0d265g10002ccdaien8v1n1s3nrk9d0,254. 代孕的争议：人伦、道德、贫困、弃养……我们要考虑多少问题？,
v0d265g10002ccdaisf8v1n1s3nrk9n0,255. 今年春节回家有多难？,
v02265g10002ccdait2uktkhvr2lbpl0,256. 当代人为什么需要被治愈？,
v0d265g10002ccdajb9abc6lp42ppilg,257. 乌拉圭为什么值得谈？,
v0d265g10002ccdajqf8v1n1s3nrkb9g,258. 什么是阳刚之气？,
v02265g10002ccdajrquktkhvr2lbpvg,259. 如何看待人人影视字幕组被查封？,
v02265g10002ccdak9ar686qbamp6vlg,260. 什么是了不起的希望？,
v0d265g10002ccdako1abc6lp42ppkrg,261. 我们应该怎样认识缅甸？,
v0d265g10002ccdakp78v1n1s3nrkce0,262. 再谈缅甸，为什么外国人看不懂它？,
v0d265g10002ccdal8n8v1n1s3nrkctg,263. 聊聊时尚品味，炫富是怎么演化的？,
v02265g10002ccdalloijgv73ie385og,264. 吴孟达离世，我们为什么怀念香港电影？,
v02265g10002ccdalmqr686qbamp70l0,265.《无依之地》为什么难得？,
v02265g10002ccdam70mjg8vbhnsq7eg,266. 我们该怎样和导盲犬相处？,
v0d265g10002ccdamk9abc6lp42ppn1g,267. 核电站废弃后，那里的动物会怎么样？,
v02265g10002ccdamlj0h3e41t2f1nvg,268. 马家辉代班：电影院里有多少都市传说？,
v0d265g10002ccdamm1abc6lp42ppn70,269. 马家辉代班：我的6个读书心法,
v02265g10002ccdan48ijgv73ie386hg,停更通知,
v0d265g10002ccdani9abc6lp42ppo8g,270. 我们为什么会害怕？,
v03265g10002ccdao1rkutmajrtk4gq0,271. 消费者抵制品牌的边界在哪里？,
v03265g10002ccdao21b0aqvkobpogqg,272. 豆瓣图书一星运动始末：说理，主要靠哪三点？,
v03265g10002ccdaohrghao71ec238rg,273. 我如何“摸鱼”30年？,
v03265g10002ccdaojih3be9vs287f80,274. 互联网人为什么要说黑话？,
v03265g10002ccdap101rni5du7cg3c0,275. 梁建章×梁文道：我们即将迎来母系社会吗？,
v03265g10002ccdap1dj6f8ur9ie71tg,276.《进击的巨人》烂尾了吗？,
v03265g10002ccdaperkutmajrtk4hd0,277. 李娟×梁文道：什么是纯粹的写作？,
v03265g10002ccdapfjghao71ec23950,278. 什么是“自律读书”和“他律读书”？,
v0d265g10002ccdapv78v1n1s3nrki5g,279. 如何看待日本核废水事件？,
v0d265g10002ccdaqcn8v1n1s3nrkieg,280. 放假要调休，到底是怎么来的？,
v0d265g10002ccdaqdf8v1n1s3nrkigg,281. 强人政治下的印度，疫情为什么控制不住？,
v02265g10002ccdaqdkg3monqh2vv72g,282. 冯果川×梁文道：建筑让人们更冷漠了吗？,
v03265g10002ccdaqstj6f8ur9ie72pg,283. 从“瞒豹”到成都49中，真相何求？,
v02265g10002ccdaracg3monqh2vv790,284. 人为什么很难接受无常,
v03265g10002ccdarc9b0aqvkobpoicg,285. 巴以冲突，到底是怎么回事？,
v02265g10002ccdarpkg3monqh2vv7eg,286. 新垣结衣结婚：艺人为什么会成为“国民老婆”？,
v02265g10002ccdas8auktkhvr2lbsu0,287. 白银越野跑惨剧，是怎么发生的？,
v02265g10002ccdas8iuktkhvr2lbsug,288. 当代青年有“躺平自由”吗？,
v02265g10002ccdasogijgv73ie3883g,289. 大象去哪儿？,
v02265g10002ccdat88ijgv73ie388fg,290. 80年前的教育什么样？悼念章开沅与何兆武先生,
v03265g10002ccdat93ghao71ec23ang,291. 如何做到对事不对人？,
v02265g10002ccdatm2uktkhvr2lbtjg,292. 尹昉×梁文道：当代年轻人如何用艺术表达自我？,
v02265g10002ccdau5ar686qbamp74eg,293. 我为什么会迷上足球？,
v02265g10002ccdau5ar686qbamp74f0,294. 《困在时间里的父亲》为什么值得看？,
v02265g10002ccdaukar686qbamp74kg,295. 读书为什么会变成一场运动？,
v02265g10002ccdav1quktkhvr2lbu60,296. 什么叫作“求仁得仁”？,
v02265g10002ccdavgquktkhvr2lbuag,297. 余华×梁文道：当代作家的责任是什么？,
v0d265g10002ccdavihabc6lp42ppum0,298. 许子东×梁文道：足球为什么像人生一样迷人？,
v02265g10002ccdb01sg3monqh2vv9dg,299. 林生斌事件：什么是人设崩塌？,
v02265g10002ccdb01gmjg8vbhnsqaj0,300. 怎样面对LGBTQ？,
v03265g10002ccdb0gaoktor4971itig,301. 美国从阿富汗“意外”撤军，这20年发生了什么？,
v03265g10002ccdb0h81rni5du7cg64g,302. 波尔坦斯基离世，一个人要怎么确定自己的身份？,
v03265g10002ccdb0v81rni5du7cg6c0,303. 河南暴雨，我们可以怎样自救和施救？,
v03265g10002ccdb1ctj6f8ur9ie7540,304. 如何理解、同情这场灾难？,
v03265g10002ccdb1frghao71ec23bt0,305. 我们为什么越来越容易激动？,
v02265g10002ccdb1tkg3monqh2vv9q0,306. 奥运会还有哪些代表队值得关注？,
v03265g10002ccdb2atj6f8ur9ie75g0,307. 再谈奥运，运动如何缓解日常的倦怠？,
v0d265g10002ccdb2cn8v1n1s3nrko3g,308. 悼念余英时先生，什么是真正的“士”？,
v02265g10002ccdb2q8ijgv73ie38afg,309. 阿里员工性侵案：我们还能忍受这种恶臭多久？,
v03265g10002ccdb2sah3be9vs287j5g,310. 如何理解“与病毒共存”？,
v03265g10002ccdb39qoktor4971iup0,311. 阿富汗塔利班，会给我们带来什么影响？,
v03265g10002ccdb3b01rni5du7cg79g,312. 为什么说美国是战争机器？,
v03265g10002ccdb3plj6f8ur9ie75u0,313. 悼念胡续冬先生，什么是北京的“波西米亚时代”？,
v03265g10002ccdb3pg1rni5du7cg7fg,314. 刘子超×梁文道：这一代旅行作家，即将面对怎样的世界？,
v02265g10002ccdb5m0mjg8vbhnsqbvg,315. 《八分》回归，搬家最困难的事是什么？,
v02265g10002ccdb63omjg8vbhnsqc4g,316. 他们为什么要“包裹凯旋门”？,
v03265g10002ccdb6j01rni5du7cg8cg,317. 东北限电是怎么回事？,
v03265g10002ccdb713ghao71ec23dp0,318. 如何看待猫狗和我们的关系？,
v0d265g10002ccdb71v8v1n1s3nrkql0,319. 成为“某媛”为什么会被骂？,
v03265g10002ccdb71tj6f8ur9ie76ug,320. 诺贝尔文学奖是怎么评出来的？,
v03265g10002ccdb72pb0aqvkobpom40,321. 如何理解知识是“用”出来的？,
v0d265g10002ccdb7hn8v1n1s3nrkqv0,322. 《鱿鱼游戏》和奈飞，做对了什么？,
v03265g10002ccdb7ilj6f8ur9ie7750,323. 应该怎样看歌剧？,
v03265g10002ccdb81tj6f8ur9ie77b0,324. 李云迪事件：道德里最重要的是什么？,
v03265g10002ccdb8e5j6f8ur9ie77hg,325. 许鞍华 × 梁文道：如今，我少了很多盲目的愿望,
v03265g10002ccdb8tqh3be9vs287lhg,326. 什么是小说的底色？| 宝珀理想国文学奖系列①《南货店》,
v02265g10002ccdb8uar686qbamp781g,327. 悼念李泽厚先生：什么是乐感文化？,
v03265g10002ccdb9dtj6f8ur9ie781g,328. 先锋文学没落了吗？| 宝珀理想国文学奖②《侦探小说家的未来之书》,
v03265g10002ccdb9c3ghao71ec23eq0,329. 六神磊磊 × 梁文道：什么是金庸江湖里的“边缘感”？,
v0d265g10002ccdb9rn8v1n1s3nrks10,330. 我们应该如何与动物相处？,
v0d265g10002ccdbaahabc6lp42pq5j0,331. 小人物逆袭，为什么更受关注？,
v03265g10002ccdbabqh3be9vs287m7g,332. 如何看待把人划分成不同阶层？,
v03265g10002ccdbapioktor4971j26g,333. 全斗焕去世，怎样评价那个时代？,
v03265g10002ccdbas2oktor4971j29g,334. 怎样理解羞辱、异国风情与典型化？,
v03265g10002ccdbb8aoktor4971j2dg,335. 认识东北作家的前提是什么？| 宝珀理想国文学奖③《仙症》,
v0d265g10002ccdbb9habc6lp42pq66g,336. 如何建立自我，如何寻找安稳？| 宝珀理想国文学奖④《以鸟兽之名》,
v0d265g10002ccdbc6f8v1n1s3nrkt5g,337. 什么是干净的中文？| 宝珀理想国文学奖⑤《夜晚的潜水艇》,
v03265g10002ccdbc8ih3be9vs287mv0,338. 关于告别 | 第三季完结,
v03265g10002ccdbcmpb0aqvkobpooe0,番外 | 谐星聊天会×梁文道：啥是精致生活的天花板啊？,
v03265g10002ccdbdk2h3be9vs287nlg,340. 披头士《回归》，如何在历史里回忆青春？| 第四季首播,
v03265g10002ccdbe2ioktor4971j3ng,341. 奥密克戎会给我们带来什么影响？,
v0d265g10002ccdbe3pabc6lp42pq890,342. 纪念、影响与被塑造，我们要怎么走过自己的一辈子？,
v0d265g10002ccdbehhabc6lp42pq8g0,343. 刘学州事件：网暴者为何认为自己代表正义？,
v02265g10002ccdbej4g3monqh2vvdh0,344. 孙海鹏×梁文道：《雄狮少年》为什么是国产动漫高峰？,
v02265g10002ccdbf2kg3monqh2vvdjg,345. 徐州小花梅事件：人口贩卖为什么难以被确认？,
v02265g10002ccdbfgcg3monqh2vvdlg,346. 杨照×梁文道：“打工人”要如何分别职业和志业？,
v02265g10002ccdbfikg3monqh2vvdmg,347. 乌克兰危机是怎么回事，会给我们带来什么影响？,
v03265g10002ccdbfvtj6f8ur9ie7amg,348. 俄罗斯和北约，有过怎样的“爱恨情仇”？,
v03265g10002ccdbg01b0aqvkobpopp0,349. 乌克兰和俄罗斯，有怎样的历史纠缠？,
v03265g10002ccdbge81rni5du7cgcd0,350. 周轶君×梁文道：战争里存在“真相”吗？,
v0d265g10002ccdbgef8v1n1s3nrl0mg,351. 什么是一个国家“芬兰化”？,
v0d265g10002ccdbgf78v1n1s3nrl0ng,352. 如何理解乌克兰的“新纳粹”问题？,
v02265g10002ccdbgsar686qbamp79pg,353. 什么是左派，什么是右派？,
v02265g10002ccdbhc8mjg8vbhnsqf5g,354. 东航MU5735事件：什么是新闻伦理和吃人血馒头？,
v02265g10002ccdbhd0mjg8vbhnsqf6g,355. 如何面对疫情带来的疲惫感？,
v03265g10002ccdbhqah3be9vs287p2g,356. 奥斯卡最佳影片和八卦：我们为什么需要被治愈？,
v03265g10002ccdbhrih3be9vs287p3g,357. 廖伟棠×梁文道：这个时代还需要诗歌吗？,
v03265g10002ccdbia01rni5du7cgcu0,358. 关于上海,
v0d265g10002ccdbiahabc6lp42pqbjg,359. 乌克兰“布查事件”的真相是什么？,
v0d265g10002ccdbiav8v1n1s3nrl240,360. 再谈上海，我们应该关心什么？,
v02265g10002ccdbip30h3e41t2f1vrg,361. 《教父》上映50周年：一部电影何以成为经典？,
v0d265g10002ccdbippabc6lp42pqbtg,362. 独立和中立的区别是什么？,
v0d265g10002ccdbj7n8v1n1s3nrl2r0,363. 如何为“可能的”封控生活做准备？,
v02265g10002ccdbj8ir686qbamp7b4g,364. 怎样理解生命中的不完美？,
v03265g10002ccdbja2oktor4971j5h0,365. 失败的意义是什么？,
v02265g10002ccdbjmoijgv73ie38fqg,366. 疫情给学生们带来了什么影响？,
v02265g10002ccdbjo2r686qbamp7bag,367. 菲律宾魔幻政治故事：什么是政治豪族？,
v03265g10002ccdbjo81rni5du7cgda0,368. 什么是精英治国？,
v02265g10002ccdbk6quktkhvr2lc3i0,369. 瑞典和芬兰申请加入北约，会对世界格局有什么影响？,
v02265g10002ccdbk84g3monqh2vvfi0,370. 瞬息全宇宙：什么是道德虚无主义？,
v02265g10002ccdbkmoijgv73ie38g2g,371. 教材的审美要怎么体现？,
v02265g10002ccdbl48ijgv73ie38g8g,372. 如何看待越南废除户籍制度？,
v02265g10002ccdbl5j0h3e41t2f20og,373. 英国一周4天工作制调研：疫情对工作模式会有什么影响？,
v03265g10002ccdblho1rni5du7cgdvg,374. 李继宏×梁文道：“垮掉一代”在期盼什么？,
v02265g10002ccdblj0mjg8vbhnsqgrg,375. 唐山事件：面对性别暴力，我们可以做什么？,
v02265g10002ccdbljomjg8vbhnsqgsg,376. 香港珍宝海鲜舫沉没，它对流行文化有多重要？,
v03265g10002ccdbm1dj6f8ur9ie7ddg,377. 什么是“完满”的人生？,1:15:42
v03265g10002ccdbm2ah3be9vs287qe0,378. 张思之先生逝世：怎样才是真正的律师？,
v03265g10002ccdbmgdj6f8ur9ie7dh0,379. 二十五年前的今天，我经历了什么？,
v03265g10002ccdbmh81rni5du7cge8g,380. 林垚×梁文道：堕胎权之争，美国会更分裂吗？,
v02265g10002ccdbn00ijgv73ie38gv0,381. 陈志武×梁文道：历史可以被量化吗？,
v03265g10002ccdbn0pb0aqvkobpormg,382. 如何看待安倍晋三遇刺身亡？,
v03265g10002ccdbneih3be9vs287qng,383. 当好莱坞与我们渐行渐远，它将如何发展？,
v02265g10002ccdbntr0h3e41t2f2200,384. 什么是香港的底层精神？,1:10:08
v03265g10002ccdbnu9b0aqvkobporqg,385. 吴啊萍事件：何谓佛教里的“超度”？,
v03265g10002ccdbnv1b0aqvkobporsg,386. 二舅火了，那什么是“精神内耗”？,
v03265g10002ccdbodpb0aqvkobpos10,387. 我们该如何与“二舅”相处？,
v02265g10002ccdbodkg3monqh2vvhb0,388. 佩洛西访台，有哪些问题值得关注？,
v03265g10002ccdbpatj6f8ur9ie7efg,389. 极端气候来临，什么是“盖娅假说”？,
v02265g10002ccdbpq30h3e41t2f22n0,390. 怎样理解我们与世界的关系？,
v03265g10002ccdbpqbkutmajrtk4t30,391. 施展×张新刚×梁文道：逆全球化真的已经来了吗？,
v02265g10002ccdbq80ijgv73ie38i4g,392. 讨论公共议题，会遇到哪些道德困境？,
v03265g10002ccdbq8tj6f8ur9ie7et0,临时告假 + 明晚直播预告,
v02265g10002ccdbqnomjg8vbhnsqj00,393. 徐皓峰×梁文道：我们为什么怀念武侠？,
v03265g10002ccdbqnrkutmajrtk4th0,394. 苏州“和服事件”：服装、身份与意识形态有怎样的关系？,
v02265g10002ccdbr6b0h3e41t2f22u0,395. 如何评价戈尔巴乔夫的功过？,
v03265g10002ccdbr901rni5du7cgftg,396. 周轶君×骆以军×梁文道：我们无法对世界袖手旁观,
v0d265g10002ccpa8mtan8khcnb8fvi0,397. 英女王伊丽莎白二世去世：如何记住和看待她的一生？,
v03265g10002ccpa8p3khkv8l5a8bgmg,398. 如何面对“恶意”的批评？,
v02265g10002ccpa8pfs69s7hr2nil6g,399. 等到什么时候是个头？,
v03265g10002ccpa8lso7cnkmso6dh4g,400. 刘海龙×梁文道：新闻和传媒将往何处去？,
v02265g10002ccq0sko7icq4abaip850,401. 怎样是真心地帮助他人？,
v02265g10002ccr8rio7icq4abajejpg,道歉说明,
v02265g10002cd379587icq4abancvag,402. 法律和学术的界限在哪里？,
v02265g10002cd4jato7icq4abanvh3g,403. 什么是精英的傲慢？,
v02265g10002cd7m00g7icq4abapeis0,404. 吴晓波×梁文道：如何过上“偏安”的生活？,
v02265g10002cd94advs69s7hr2v9lqg,一首《鸽子之歌》送给大家,
v02265g10002cdcf8lise71spviqjeig,405. 如何理解戈达尔和他的艺术成就？,
v02265g10002cddtsgdik792ucab0mbg,406. 俄乌战争，现在怎么样了？,
v02265g10002cdh2ucbrplkgu8rk1bu0,407. 什么是保持生活的体面？,
v02265g10002cdib5hbper3vmpfmcjrg,408. 如何理解当代中国农村的众生相？| 宝珀理想国文学奖①《王能好》,48:16
v02265g10002cdliaebrplkgu8rmc8i0,409. 苦难和矫情的区别是什么？,
v02265g10002cdn0umsgdv7moe9tdnv0,410. 南方在哪里？| 宝珀理想国文学奖②《潮汐图》,1:21:00
v02265g10002cdqaclsak9efo1dbjgvg,411. 什么是明显不正常？,
v02265g10002cdrla8kak9efo1dc8khg,412. “机场人”纳赛里去世：在机场生活20年是什么体验？,1:15:11
v02265g10002cduvo61869rgrlkv8jqg,413. 伊朗的年轻人在争取什么？,
v02265g10002ce07r09ic4978evftn9g,414. 什么是苦中作乐的人生态度？,
v02265g10002ce3hvgmceld4ugn1s6j0,415. 接下来我们该怎么办？,
v02265g10002ce4oi1mceld9i38s8b20,临时告假，下周细说,
v02265g10002ce80id6celddh15ar0tg,416. 是真的要放宽了吗？,
v02265g10002ce9aiv6celdfvb7l0hv0,417. 怎样睡个好觉？,1:10:51
v02265g10002cf1orlbelau5fqqiiqgg,418. 翟志勇×梁文道：普通人的法律思维要怎么培养？,
v02265g10002cee0hdmceld38hmk5d00,419. 沈媛×梁文道：音乐有高低之分吗？,
v02265g10002cehec46celd8h70ci390,420. 梅西如何成为这个时代的球王？,1:24:50
v02265g10002ceinmheceldc1e3l8h00,421.《初恋》为什么又“土”又好看？,
v02265g10002cem2jc6celd1gr6u42t0,422. 刘擎×杨照×梁文道：为什么今天还要读《资本论》？,
v02265g10002cen40g6celddljhb2rvg,423. 黎紫书×梁文道：马华作家在书写什么？,
v02265g10002ceqkuurelau1nl0v2730,424. 怎样面对无法面对的事情？,
v02265g10002cervatbelau6p1g3gjgg,425. 罗新×梁文道：如何看待“星战”里的反抗者？,
v02265g10002cev82o3elau088r9m7n0,放一只有诚意的鸽子,
v02265g10002cf0jb8belau1gvir5gg0,426. 外企该如何在中国经营社交媒体账号？,
v02265g10002cf3m2t3elauank947mj0,427. 我们的医保到底“承担”了什么？,
v02265g10002cf5612belauank959nb0,428.《中国奇谭》为什么这么火？,1:01:00
v02265g10002cfcs5cbelau1gvj440lg,429. 王笛×梁文道：什么是“碌碌有为”的一生？,
v02265g10002cfeb10belau92va8kg10,430. 胡鑫宇事件：什么是情绪上的拒绝信任？,
v02265g10002cfhm28relaufh01lonh0,请假说明,
v02265g10002cfj2t8belau8qihumro0,431. 如何看待“流浪气球”事件？,
v02265g10002cfmboibelaufh01pjtrg,432. 叙利亚内战是怎么回事？,
v02265g10002cfnltqrelau24qmrdp50,433. 做一期播客，要如何寻找需要的信息？,
v02265g10002cfqsbtrelau0mru2j4r0,434. 徐英瑾×梁文道：ChatGPT会如何影响我们？,
v02265g10002cfs8rmbelaufnv695fug,放鸽子声明,
v02265g10002cfvintrelau1c697mpvg,435. 乌克兰战争一年后，普通人过得怎么样？,
v02265g10002cg0ksljelaucvbrlu740,希望你少了我之后，有个更愉快的周末,
v02265g10002cg45g53elauba9mmo2c0,436. 王缉思×梁文道：“冷战”何以成为当代热词？,
v02265g10002cg5e1cjelaub9447839g,437. 原子化的人如何面对孤独？| 宝珀理想国文学奖③《月球》,
v02265g10002cg8p11relauftefv4460,438. 唐小兵×梁文道：从五四到现代，思想史如何变化？,01:10:54
